id,name,category,qty_vehicle,qty_order,sourcing,material,spec,supplier,supplier_part_number,supplier_url,unit_cost_usd,order_cost_usd,order_details,notes
1111,Upper Plate,Airframe Structure,1,1,laser-cut,Aluminum,1 mm sheet,RapidDirect,,https://www.rapiddirect.com/,26.00,26.00,,
1112,Middle Plate,Airframe Structure,1,1,laser-cut,Aluminum,1 mm sheet,RapidDirect,,https://www.rapiddirect.com/,26.00,26.00,,
1113,Lower Plate,Airframe Structure,1,1,laser-cut,Aluminum,1 mm sheet,RapidDirect,,https://www.rapiddirect.com/,47.00,47.00,,
1211,"Cockpit Support Beam, CW Long",Airframe Structure,1,1,laser-cut,Aluminum,40x40x2 mm box section,RapidDirect,,https://www.rapiddirect.com/,43.00,43.00,,
1212,"Cockpit Support Beam, CCW Back",Airframe Structure,2,2,laser-cut,Aluminum,40x40x2 mm box section,RapidDirect,,https://www.rapiddirect.com/,27.00,54.00,,
1221,Battery Wall,Airframe Structure,2,2,laser-cut,Aluminum,,RapidDirect,,https://www.rapiddirect.com/,49.00,98.00,,
1310,Landing Gear Vertical Tube,Airframe Structure,4,2,cut-to-length,Carbon fiber 3K,30x28 mm tube; see landing_gear assembly for cut length,RJXHobby,,https://www.rjxhobby.com/carbon-fiber/carbon-fiber-tube/rjx-1pcs-colored-3k-carbon-fiber-tube-1000mm-od-21-30mm,45.00,90.00,"30x28x1000 mm stock, any color; each tube yields two legs",
1320,Landing Gear Horizontal Tube,Airframe Structure,2,1,cut-to-length,Carbon fiber 3K,30x28 mm tube; see landing_gear assembly for cut length,RJXHobby,,https://www.rjxhobby.com/carbon-fiber/carbon-fiber-tube/rjx-1pcs-colored-3k-carbon-fiber-tube-1000mm-od-21-30mm,45.00,45.00,"30x28x1000 mm stock, any color; one tube yields both skids",
1330,Landing Gear Main Adapter,Airframe Structure,4,4,cots,,30 mm tube quick-release tilt seat,RJXHobby,,https://www.rjxhobby.com/rjx-1pcs-20mm-quick-release-tripod-aluminum-tilt-fixed-seat-landing-gear-connector-1,30.00,120.00,,
1340,Landing Gear Tube Joint,Airframe Structure,4,4,cots,,30 mm,INNLOI,,https://www.innloi.com/productinfo/448455.html,13.99,55.96,,
1350,Landing Gear Foam Wrap,Airframe Structure,4,1,cots,EPP foam,,Amazon,,https://a.co/d/ggzWXc4,14.00,14.00,one pack wraps all four lower tubes,
1411,Foldable Motor Arm Connector,Airframe Structure,4,4,cots,,30 mm tube option,Alibaba,,https://www.alibaba.com/product-detail/30-40mm-Folding-arm-tube-Drone_1600762096177.html,25.00,100.00,,
1412,Motor Arm Tube,Airframe Structure,4,2,cut-to-length,Carbon fiber 3K,"30x28 mm tube, cut to 360 mm",RJXHobby,,https://www.rjxhobby.com/carbon-fiber/carbon-fiber-tube/rjx-1pcs-colored-3k-carbon-fiber-tube-1000mm-od-21-30mm,45.00,90.00,"30x28x1000 mm stock, any color; each tube yields two arms",
2111,"Attachment Interface Spacer, Left/Right",Supporting Structure,2,2,3d-print,PETG-CF,,,,,,,,
2112,Quick-Release Interface Plate,Supporting Structure,3,3,cots,Aluminum,,Alibaba,,https://www.alibaba.com/product-detail/Quick-Release-Clip-Plate-Clamp-Quick_1600982145247.html,34.00,102.00,,
2131,"Attachment Interface Spacer, Bottom",Supporting Structure,1,1,3d-print,PETG-CF,,,,,,,,Has a wiring notch the left/right spacer does not.
2211,Battery Slider,Supporting Structure,2,2,3d-print,PETG-CF,,,,,,,,
2311,Main PCB Mount,Supporting Structure,1,1,3d-print,PETG-CF,,,,,,,,
2312,BC PCB Mount,Supporting Structure,1,1,3d-print,PETG-CF,,,,,,,,
2313,BC PCB Cover,Supporting Structure,1,1,3d-print,PETG-CF,,,,,,,,
2321,Altitude Sensor Mount,Supporting Structure,1,1,3d-print,PETG-CF,,,,,,,,
2331,GNSS Mount Base,Supporting Structure,1,1,3d-print,PETG-CF,,,,,,,,
2332,GNSS Mount Clamp,Supporting Structure,1,1,3d-print,PETG-CF,,,,,,,,
2341,PPP Adapter and Beacon Mount,Supporting Structure,1,1,3d-print,PETG-CF,,,,,,,,
2411,Main Enclosure,Supporting Structure,1,1,3d-print,PETG-CF,,,,,,,,
2412,Enclosure Top Cap,Supporting Structure,1,1,3d-print,PETG-CF,,,,,,,,
2420,Enclosure Hinge,Supporting Structure,2,2,cots,Zinc die-cast,,JW Winco,GN 237-ZD-30-30-A-SW,https://www.jwwinco.com/en-us/products/3.3-Hinging-latching-locking-of-doors-and-covers/Hinges/GN-237-Zinc-Die-Cast-or-Aluminum-Hinges-Countersunk-Thru-Holes-or-Threaded-Stud-Type,10.00,20.00,,
2430,Enclosure Latch,Supporting Structure,2,2,cots,Steel,,McMaster-Carr,6082A11,https://www.mcmaster.com/6082A11/,10.42,20.84,,
3111,"Motor + ESC, Hobbywing XRotor X6 Plus",Equipment,4,4,cots,,,Hobbywing,XRotor X6 Plus G2,https://www.hobbywing.com/en/products/x6-plus-g2,120.00,480.00,,Propellers are ordered separately (3112/3122).
3112,"Propeller, Hobbywing MFP 24x8.0, CW",Equipment,2,2,cots,,,Hobbywing,MFP 24x8.0 CW,https://www.hobbywing.com/en/products/mfp-24x80,20.00,40.00,,
3122,"Propeller, Hobbywing MFP 24x8.0, CCW",Equipment,2,2,cots,,,Hobbywing,MFP 24x8.0 CCW,https://www.hobbywing.com/en/products/mfp-24x80,20.00,40.00,,
3201,"PPP Adapter, CubePilot CubeNode ETH",Equipment,1,1,cots,,,IR-LOCK (CubePilot),,https://irlock.com/products/cube-node-eth?variant=42727353122867,121.98,121.98,,
3202,"Remote ID Module, DroneBeacon db201",Equipment,1,1,cots,,,DroneScout (DroneBeacon),db201,https://dronescout.co/product/dronebeacon-mavlink-db201-transponder/,54.00,54.00,,
3210,"Obstacle Avoidance LiDAR, RPLidar S2L",Equipment,1,1,cots,,,DFRobot,,https://www.dfrobot.com/product-2617.html,380.00,380.00,,
3220,"Radar Altimeter, Nanoradar NRA15",Equipment,1,1,cots,,,Nanoradar,NRA15,https://www.nanoradar.com/Products_1/4.html,240.00,240.00,,
3230,"Telemetry Antenna, Front",Equipment,1,0,cots,,,,,,,,included with 3280,Supplied with the SIYI HM30 Standard Combo (3280).
3240,"Telemetry Antenna, Rear",Equipment,1,0,cots,,,,,,,,included with 3280,Supplied with the SIYI HM30 Standard Combo (3280).
3250,"GNSS Module, Primary",Equipment,1,1,cots,,,IR-LOCK (CubePilot),Here4,https://irlock.com/products/here4-multiband-rtk-gnss,288.00,288.00,,Either listed module is acceptable. The CAD model still shows the retired Wren Mini; update the STEP on the next CAD export.
3251,"GNSS Module, Backup, Mateksys M9N-G4-3100",Equipment,1,1,cots,,,Mateksys,M9N-G4-3100,https://www.mateksys.com/?portfolio=m9n-g4-3100,125.00,125.00,,DroneCAN. Not in the CAD model.
3260,"Power Switch, E-Switch PVHC4F23SS344",Equipment,1,1,cots,,,Digi-Key,PVHC4F23SS344,https://www.digikey.com/en/products/detail/e-switch/PVHC4F23SS344/24614861,16.00,16.00,,
3270,"Gimbal Camera, SIYI A8 mini",Equipment,1,1,cots,,,SIYI,,https://shop.siyi.biz/products/siyi-a8-mini-gimbal-camera,251.63,251.63,,
3280,"Telemetry / FPV System, SIYI HM30",Equipment,1,1,cots,,,SIYI,HM30 Standard Combo,https://shop.siyi.biz/products/siyi-hm30-digital-image-transmission?VariantsId=10748,282.04,282.04,,
3290,"Obstacle Avoidance Radar, Nanoradar MR82",Equipment,1,1,cots,,,Nanoradar,MR82,https://www.nanoradar.com/Products_1/7.html,285.00,285.00,,
3310,"Main PCB, assembled",Equipment,1,1,pcb-assembly,,,,,,400.00,400.00,,Order via JLCPCB or similar using the KiCad production files; see the Main PCB Assembly Guide.
3312,"Companion Computer, Raspberry Pi 5",Equipment,1,1,cots,,8 GB RAM,Raspberry Pi,,https://www.raspberrypi.com/products/raspberry-pi-5/,200.00,200.00,,Mounts on the Main PCB; not a separate CAD part.
3313,"Ethernet Switch, BotBlox GigaBlox Nano",Equipment,2,2,cots,,,BotBlox,,https://botblox.io/products/micro-gigabit-ethernet-switch,95.67,191.34,,Mounts on the Main PCB; not a separate CAD part.
3320,"Battery Connector PCB, assembled",Equipment,1,1,pcb-assembly,,,,,,83.00,83.00,,Order via JLCPCB or similar using the KiCad production files; see the BC PCB Assembly Guide.
3324,"BC PCB Heatsink, 5 mm",Equipment,1,1,laser-cut,Aluminum,"5 mm plate, 116 x 16 mm; the 5 mm variant supersedes the earlier 4 mm one",RapidDirect,,https://www.rapiddirect.com/,16.00,16.00,,Thermally couples the BC PCB to the chassis; install with thermal paste (CONS-007). Not in the CAD assembly model.
3330,"Flight Controller PCB, assembled",Equipment,1,1,pcb-assembly,,,,,,25.00,25.00,,Adapter board; stacks on the Main PCB. Not a separate CAD part.
3331,"Attachment Interface PCB, assembled",Equipment,3,6,pcb-assembly,,,,,,10.00,60.00,order extras; JLCPCB minimum batch,"One per attachment interface (right, left, bottom)."
3332,"Flight Controller, Holybro Pix32 v6",Equipment,1,1,cots,,,Holybro,,https://holybro.com/products/pix32-v6?variant=43020083527869,296.00,296.00,,Mounts on the FC PCB; not a separate CAD part.
3410,"Battery, Tattu 4.0 14S 30000 mAh",Equipment,1,1,cots,,,Tattu,Tattu 4.0 14S 30000 mAh,,735.00,735.00,,Smart battery with CAN telemetry.
3501,Remote Control Transmitter,Equipment,1,1,cots,,,RadioMaster,Boxer,https://www.radiomasterrc.com/products/boxer-radio-controller-m2,150.00,150.00,,Builder's choice — any transmitter compatible with the chosen receiver and ELRS/EdgeTX-class link works. The team flies a RadioMaster Boxer.
3510,Transport Case,Equipment,1,1,cots,,,,,,600.00,600.00,,TBC — confirm the case model before revision B.
4010,"Busbar Pair, Positive + Negative",Harness,2,2,laser-cut,Copper,,RapidDirect,,https://www.rapiddirect.com/,30.74,61.48,one positive and one negative busbar per vehicle,
HAR-0001,"Harness, Pushbutton",Harness,1,1,harness,,,,,,,,,
HAR-0002,"Harness, BC PCB Signal",Harness,1,1,harness,,,,,,,,,
HAR-0003,"Harness, BC PCB SSR",Harness,1,1,harness,,,,,,,,,
HAR-0004,"Harness, ESC Power FR",Harness,1,1,harness,,,,,,,,,
HAR-0005,"Harness, ESC Power FL",Harness,1,1,harness,,,,,,,,,
HAR-0006,"Harness, ESC Power BR",Harness,1,1,harness,,,,,,,,,
HAR-0007,"Harness, ESC Power BL",Harness,1,1,harness,,,,,,,,,
HAR-0008,"Harness, ESC Signal FR",Harness,1,1,harness,,,,,,,,,
HAR-0009,"Harness, ESC Signal FL",Harness,1,1,harness,,,,,,,,,
HAR-0010,"Harness, ESC Signal BR",Harness,1,1,harness,,,,,,,,,
HAR-0011,"Harness, ESC Signal BL",Harness,1,1,harness,,,,,,,,,
HAR-0012,"Harness, Side Payload Right",Harness,1,1,harness,,,,,,,,,
HAR-0013,"Harness, Side Payload Left",Harness,1,1,harness,,,,,,,,,
HAR-0014,"Harness, Bottom Payload",Harness,1,1,harness,,,,,,,,,
HAR-0015,"Harness, Altimeter",Harness,1,1,harness,,,,,,,,,
HAR-0016,"Harness, 360 LiDAR",Harness,1,1,harness,,,,,,,,,
HAR-0017,"Harness, Front Radar",Harness,1,1,harness,,,,,,,,,
HAR-0018,"Harness, HM30 Power",Harness,1,1,harness,,,,,,,,,
HAR-0019,"Harness, HM30 Signal A",Harness,1,1,harness,,,,,,,,,
HAR-0020,"Harness, HM30 Signal B",Harness,1,1,harness,,,,,,,,,
HAR-0021,"Harness, Navigation Primary GNSS",Harness,1,1,harness,,,,,,,,,
HAR-0022,"Harness, Navigation Backup GNSS",Harness,1,1,harness,,,,,,,,,
HAR-0023,"Harness, PPP2ETH A",Harness,1,1,harness,,,,,,,,,
HAR-0024,"Harness, PPP2ETH B",Harness,1,1,harness,,,,,,,,,
HAR-0025,"Harness, PPP2ETH C",Harness,1,1,harness,,,,,,,,,
HAR-0026,"Harness, Remote ID",Harness,1,1,harness,,,,,,,,,
HAR-0027,"Harness, SIYI Camera",Harness,1,1,harness,,,,,,,,,
HAR-0028,"Harness, Antenna",Harness,1,1,harness,,,,,,,,,
HSUP-001,"XT30 Male Connector, Amass XT30U-M",Harness,1,1,cots,,,TME,XT30U-M,https://www.tme.com/us/en-us/details/xt30u-m/dc-power-connectors/amass/,0.83,0.83,,
HSUP-002,"XT60 Male Connector, Amass XT60U-M",Harness,4,4,cots,,,TME,XT60U-M,https://www.tme.com/us/en-us/details/xt60u-m/dc-power-connectors/amass/,0.70,2.80,,
HSUP-003,"Pluggable Terminal Block, Phoenix PTSM 0,5/2-P-2,5 WH",Harness,1,1,cots,,,Mouser,1704853,https://mou.sr/3TUNxPr,,,,
HSUP-004,"Pluggable Terminal Block, Phoenix PTSM 0,5/4-P-2,5 WH",Harness,18,18,cots,,,Mouser,1704857,https://mou.sr/4bSpp8f,,,,
HSUP-005,"Pluggable Terminal Block, Phoenix PTSM 0,5/5-P-2,5 WH",Harness,5,5,cots,,,Mouser,1704858,https://mou.sr/4nxik2l,,,,
HSUP-006,"Pluggable Terminal Block, Phoenix PTSM 0,5/6-P-2,5 WH",Harness,5,5,cots,,,Mouser,1704859,https://mou.sr/44ach9V,,,,
HSUP-007,"Hook-Up Wire Kit, 26 AWG PTFE, 10 colors",Harness,1,1,cots,,15 feet per color,Remington Industries,,https://www.remingtonindustries.com/hook-up-wire/custom-hook-up-wire-26-awg-ptfe-stranded-kit-2-spool-sizes-available-choose-10-colors/,,,,
HSUP-008,"Molex 12-Pin Connector, 207760-1281",Harness,6,6,cots,,,Mouser,207760-1281,https://www.mouser.com/ProductDetail/Molex/207760-1281,1.51,9.06,,
HSUP-009,"Molex MLP Receptacle Housing, 204523-1201, 12 circuits",Harness,6,6,cots,,,Mouser,204523-1201,https://www.mouser.com/ProductDetail/Molex/204523-1201,0.42,2.52,,Cable-side connector; does not go on the PCB.
HSUP-010,"Spring-Loaded Connector, Mill-Max 813-22-010-30-000101",Harness,6,6,cots,,,Mouser,813-22-010-30-000101,https://www.mouser.com/ProductDetail/Mill-Max/813-22-010-30-000101,8.60,51.60,,Can populate with just one.
HSUP-011,"SLC Target Connector, Mill-Max 419-10-210-30-054000",Harness,6,6,cots,,,Mouser,419-10-210-30-054000,https://www.mouser.com/ProductDetail/Mill-Max/419-10-210-30-054000,3.63,21.78,,Can populate with just one.
HSUP-012,"Attachment Interface Cable, Molex 79758-1149",Harness,50,50,cots,,,Mouser,79758-1149,https://www.mouser.com/ProductDetail/Molex/79758-1149,1.29,64.50,,
HSUP-013,JST GH Pre-Made Cable Assortment,Harness,1,1,cots,,"positions 3, 4, 5, 6, 9",,,,,,,TBC — pick a specific assortment and supplier before revision B.
FAST-001,"Rivet, 4 mm, for 1-2.5 mm grip",Fasteners,26,26,cots,,,McMaster-Carr,97525A224,https://www.mcmaster.com/97525A224/,,,,
FAST-002,"Rivet, 4 mm, for 2.5-4.5 mm grip",Fasteners,10,10,cots,,,McMaster-Carr,97525A251,https://www.mcmaster.com/97525A251,,,,
FAST-003,"Rivet, 4 mm, for 4.5-6.4 mm grip",Fasteners,10,10,cots,,,McMaster-Carr,97525A226,https://www.mcmaster.com/97525A226,,,,
FAST-004,Socket Head Screw M3x10,Fasteners,8,8,cots,,,McMaster-Carr,91292A113,https://www.mcmaster.com/91292A113,,,,
FAST-005,Flanged Button Head Screw M4x10,Fasteners,16,16,cots,,,McMaster-Carr,92095A190,https://www.mcmaster.com/92095A190,,,,
FAST-006,Button Head Hex-Drive Screw M2x4,Fasteners,12,12,cots,,,McMaster-Carr,92095A451,https://www.mcmaster.com/92095A451/,,,,
FAST-007,Socket Head Screw M3x12,Fasteners,8,8,cots,,,McMaster-Carr,91292A114,https://www.mcmaster.com/91292A114,,,,
FAST-008,Socket Head Screw M3x8,Fasteners,79,79,cots,,,McMaster-Carr,91292A112,https://www.mcmaster.com/91292A112,,,,
FAST-009,Socket Head Screw M3x40,Fasteners,16,16,cots,,,McMaster-Carr,91292A024,https://www.mcmaster.com/91292A024,,,,
FAST-010,Socket Head Screw M2.5x6,Fasteners,4,4,cots,,,McMaster-Carr,91292A010,https://www.mcmaster.com/91292A010/,,,,
FAST-011,Hex Drive Flat Head Screw M3x10,Fasteners,8,8,cots,,,McMaster-Carr,92125A130,https://www.mcmaster.com/92125A130/,,,,
FAST-012,Socket Head Screw M4x8,Fasteners,8,8,cots,,,McMaster-Carr,91292A108,https://www.mcmaster.com/91292A108,,,,
FAST-013,Socket Head Screw M2x6,Fasteners,4,4,cots,,,McMaster-Carr,91292A832,https://www.mcmaster.com/91292A832/,,,,
FAST-014,Flanged Button Head Hex-Drive Screw M3x6,Fasteners,23,23,cots,,,McMaster-Carr,97654A674,https://www.mcmaster.com/products/97654a674/,,,,
FAST-015,Socket Head Hex-Drive Screw M2x5,Fasteners,4,4,cots,,,McMaster-Carr,92855A837,https://www.mcmaster.com/92855A837/,,,,
FAST-016,Socket Head Hex-Drive Screw M2.5x8,Fasteners,4,4,cots,,,McMaster-Carr,91292A012,https://www.mcmaster.com/91292A012/,,,,
FAST-017,Socket Head Hex-Drive Screw M2x10,Fasteners,4,4,cots,,,McMaster-Carr,91292A833,https://www.mcmaster.com/91292A833/,,,,
FAST-018,Socket Head Hex-Drive Screw M5x8,Fasteners,4,4,cots,,,McMaster-Carr,91292A191,https://www.mcmaster.com/91292A191,,,,
FAST-019,Button Head Hex Drive Screw M3x40,Fasteners,4,4,cots,,,McMaster-Carr,92095A203,https://www.mcmaster.com/92095A203/,,,,
FAST-020,Socket Head Screw M3x6,Fasteners,8,8,cots,,,McMaster-Carr,90751A110,https://www.mcmaster.com/90751A110/,,,,
FAST-021,"Threaded Insert M3, 5.7 mm",Fasteners,50,50,cots,,,McMaster-Carr,94459A140,https://www.mcmaster.com/94459A140/,,,,
FAST-022,Threaded Insert M4,Fasteners,8,8,cots,,,McMaster-Carr,94180A351,https://www.mcmaster.com/94180A351/,,,,
FAST-023,Threaded Insert M2,Fasteners,4,4,cots,,,McMaster-Carr,94180A312,https://www.mcmaster.com/94180A312/,,,,
FAST-024,"Threaded Insert M3, 3.8 mm",Fasteners,16,16,cots,,,McMaster-Carr,94180A331,https://www.mcmaster.com/94180A331,,,,
FAST-025,Threaded Insert M2.5,Fasteners,4,4,cots,,,McMaster-Carr,94459A439,https://www.mcmaster.com/94459A439/,,,,
FAST-026,"Washer M3, General Purpose, 3.2 mm ID, 6 mm OD",Fasteners,115,115,cots,,,McMaster-Carr,98689A112,https://www.mcmaster.com/98689A112,,,,
FAST-027,"Washer M4, General Purpose, 4.3 mm ID, 9 mm OD",Fasteners,8,8,cots,,,McMaster-Carr,93475A230,https://www.mcmaster.com/93475A230,,,,
FAST-028,"Washer M2, Nylon, 2.2 mm ID, 5 mm OD",Fasteners,12,12,cots,,,McMaster-Carr,95610A110,https://www.mcmaster.com/95610A110,,,,
FAST-029,"Washer M2.5, Nylon, 2.7 mm ID, 5.6 mm OD",Fasteners,8,8,cots,,,McMaster-Carr,95610A011,https://www.mcmaster.com/95610A011/,,,,
FAST-030,"Washer M3, Nylon, 3.2 mm ID, 6 mm OD",Fasteners,4,4,cots,,,McMaster-Carr,95610A704,https://www.mcmaster.com/95610A704,,,,
FAST-031,"Washer M5, General Purpose, 5.3 mm ID, 10 mm OD",Fasteners,4,4,cots,,,McMaster-Carr,93475A240,https://www.mcmaster.com/93475A240,,,,
FAST-032,Nylon-Insert Locknut M3,Fasteners,12,12,cots,,,McMaster-Carr,90576A811,https://www.mcmaster.com/90576A811,,,,
FAST-033,"Vibration Mount, M3 Rubber Anti-Vibration Spacer",Fasteners,5,5,cots,,,Amazon,,,,,,
FAST-034,"Grommet, Circular, 20 mm OD",Fasteners,4,4,cots,,,Amazon,,,,,,
FAST-035,"Grommet, Oval, 27x13 mm",Fasteners,12,12,cots,,,Amazon,,,,,,
FAST-036,"Silicone Foam Seal Strip, Circular, 8 mm OD",Fasteners,1,1,cots,,,Amazon,,,,,,
CONS-001,Loctite Threadlocker Purple 222,Consumables and Tools,AR,AR,cots,,low-strength threadlocker,McMaster-Carr,1810A28,https://www.mcmaster.com/1810A28,,,,
CONS-002,Loctite Threadlocker Blue 242,Consumables and Tools,AR,AR,cots,,medium-strength threadlocker,McMaster-Carr,91458A113,https://www.mcmaster.com/91458A113,,,,
CONS-003,Loctite Threadlocker Red 262,Consumables and Tools,AR,AR,cots,,high-strength threadlocker,McMaster-Carr,91458A170,https://www.mcmaster.com/91458A170,,,,
CONS-004,"Würth Super RTV Silicone, Black",Consumables and Tools,AR,AR,cots,,200 ml,Würth,08933311,,,,,
CONS-005,"Double-Sided Tape, Heavy Duty",Consumables and Tools,AR,AR,cots,,,Amazon,,,,,,
CONS-006,Bambulab PETG-CF Filament,Consumables and Tools,AR,2,cots,,,Bambulab,,https://us.store.bambulab.com/,32.00,64.00,two spools cover all printed parts,
CONS-007,"Thermal Paste, Arctic MX-4, 20 g",Consumables and Tools,AR,AR,cots,,,Amazon,,https://a.co/d/bZ7soGb,12.00,,,For the BC PCB heatsink interface.
TOOL-001,"Allen Key Set, Metric M2-M5",Consumables and Tools,AR,AR,cots,,,,,,,,,
TOOL-002,"Wrench Set, Metric",Consumables and Tools,AR,AR,cots,,,,,,,,,
TOOL-003,Cordless Screwdriver or Drill Press,Consumables and Tools,AR,AR,cots,,,,,,,,,
TOOL-004,"Riveting Tool, for 4 mm rivets",Consumables and Tools,AR,AR,cots,,,,,,,,,
